<?xml version="1.0" encoding="UTF-8"?><FileNetExportCatalog version="1">
	<DeploymentTreeLocation/>
	<SourceEnvironment/>
	<ExportOperationFile>DeploymentOperation_Export.xml</ExportOperationFile>
	<ExportManifestFile>manifest.xml</ExportManifestFile>
	<ExportLogFile/>
	<ConvertOperationFile/>
	<SourcePrimaryObjectStoreName>DESIGN</SourcePrimaryObjectStoreName>
	<ExportStartTime>2016-12-16 08:51:12 PST</ExportStartTime>
	<DatasetFiles>
		<DatasetFile>deployDataSet1.xml</DatasetFile>
	</DatasetFiles>
	<ObjectListFile>ObjectList.xml</ObjectListFile>
	<NumberOfObjectsExported>42</NumberOfObjectsExported>
	<ExportEndTime>2016-12-16 08:51:15 PST</ExportEndTime>
		<DestinationEnvironment/>
	<DestinationPrimaryObjectStoreName>DESIGN</DestinationPrimaryObjectStoreName>
</FileNetExportCatalog>