<?xml version="1.0" encoding="UTF-8"?><HalfMap type="Principal" version="1">
	<List>
		<Item label="">
			<SID>S-1-5-21-881312887-697688218-1845652266-161068</SID>
			<ShortName>intg_admin</ShortName>
			<DisplayName>intg_admin</DisplayName>
			<PrincipalType>1</PrincipalType>
			<Name>intg_admin@langley.local</Name>
		</Item>
		<Item label="">
			<SID>S-1-5-21-881312887-697688218-1845652266-161067</SID>
			<ShortName>intg_test</ShortName>
			<DisplayName>intg_test</DisplayName>
			<PrincipalType>1</PrincipalType>
			<Name>intg_test@langley.local</Name>
		</Item>
		<Item label="">
			<SID>S-1-5-21-881312887-697688218-1845652266-160419</SID>
			<ShortName>intgpeadmin</ShortName>
			<DisplayName>intgpeadmin</DisplayName>
			<PrincipalType>0</PrincipalType>
			<Name>intgpeadmin@langley.local</Name>
		</Item>
		<Item label="">
			<SID>S-1-5-21-881312887-697688218-1845652266-161059</SID>
			<ShortName>wcm administrators</ShortName>
			<DisplayName>WCM Administrators</DisplayName>
			<PrincipalType>1</PrincipalType>
			<Name>WCM Administrators@langley.local</Name>
		</Item>
		<Item label="">
			<SID>S-1-5-21-881312887-697688218-1845652266-161060</SID>
			<ShortName>wcm editors</ShortName>
			<DisplayName>WCM Editors</DisplayName>
			<PrincipalType>1</PrincipalType>
			<Name>WCM Editors@langley.local</Name>
		</Item>
	</List>
</HalfMap>