<?xml version="1.0" encoding="UTF-8"?>
<ExportObjectList version="1">
	<Object>
		<Name>Sample Box Event Handler Solution</Name>
		<ClassName>CmAcmSolutionFolder</ClassName>
		<Id>{B006BD58-0000-C21F-B548-FA3C49B8DF98}</Id>
		<ObjectStoreId>{2644FAD1-7860-458C-9B5C-B97A69909650}</ObjectStoreId>
	</Object>
	<Object>
		<Name>Pages</Name>
		<ClassName>Folder</ClassName>
		<Id>{B006BD58-0100-CF05-87A2-DA14AFAF1972}</Id>
		<ObjectStoreId>{2644FAD1-7860-458C-9B5C-B97A69909650}</ObjectStoreId>
	</Object>
	<Object>
		<Name>Sample Case Type Workflow Definition</Name>
		<ClassName>WorkflowDefinition</ClassName>
		<Id>{8008BD58-0000-C1DB-A9F0-E7269C2DBA7F}</Id>
		<ObjectStoreId>{2644FAD1-7860-458C-9B5C-B97A69909650}</ObjectStoreId>
	</Object>
	<Object>
		<Name>CmAcmCASES_DEFAULT_PAGE</Name>
		<ClassName>CmAcmPage</ClassName>
		<Id>{C006BD58-0000-C66E-87D7-B123F25EC4A3}</Id>
		<ObjectStoreId>{2644FAD1-7860-458C-9B5C-B97A69909650}</ObjectStoreId>
	</Object>
	<Object>
		<Name>BOXEH_SampleCaseType</Name>
		<ClassName>DynamicReferentialContainmentRelationship</ClassName>
		<Id>{B006BD58-0000-CDDA-842B-E9E4AABD1879}</Id>
		<ObjectStoreId>{2644FAD1-7860-458C-9B5C-B97A69909650}</ObjectStoreId>
	</Object>
	<Object>
		<Name>CmAcmCASES_DEFAULT_PAGE</Name>
		<ClassName>DynamicReferentialContainmentRelationship</ClassName>
		<Id>{C006BD58-0100-C531-920A-1AC7669923E8}</Id>
		<ObjectStoreId>{2644FAD1-7860-458C-9B5C-B97A69909650}</ObjectStoreId>
	</Object>
	<Object>
		<Name>CmAcmCASE_DEFAULT_PAGE</Name>
		<ClassName>CmAcmPage</ClassName>
		<Id>{C006BD58-0000-C376-964A-96482B13E2F3}</Id>
		<ObjectStoreId>{2644FAD1-7860-458C-9B5C-B97A69909650}</ObjectStoreId>
	</Object>
	<Object>
		<Name>CmAcmCASE_DEFAULT_PAGE</Name>
		<ClassName>DynamicReferentialContainmentRelationship</ClassName>
		<Id>{C006BD58-0100-CD4A-89F7-1A921DAD61D6}</Id>
		<ObjectStoreId>{2644FAD1-7860-458C-9B5C-B97A69909650}</ObjectStoreId>
	</Object>
	<Object>
		<Name>CmAcmCASE_NEW_DEFAULT_PAGE</Name>
		<ClassName>CmAcmPage</ClassName>
		<Id>{C006BD58-0000-CD31-AEFB-5387348026D9}</Id>
		<ObjectStoreId>{2644FAD1-7860-458C-9B5C-B97A69909650}</ObjectStoreId>
	</Object>
	<Object>
		<Name>CmAcmCASE_NEW_DEFAULT_PAGE</Name>
		<ClassName>DynamicReferentialContainmentRelationship</ClassName>
		<Id>{C006BD58-0100-C908-AFA9-F55D92412B88}</Id>
		<ObjectStoreId>{2644FAD1-7860-458C-9B5C-B97A69909650}</ObjectStoreId>
	</Object>
	<Object>
		<Name>CmAcmCASE_NEW_PAGE</Name>
		<ClassName>CmAcmPage</ClassName>
		<Id>{C006BD58-0000-C719-A8B1-37AC0AA482EB}</Id>
		<ObjectStoreId>{2644FAD1-7860-458C-9B5C-B97A69909650}</ObjectStoreId>
	</Object>
	<Object>
		<Name>CmAcmCASE_NEW_PAGE</Name>
		<ClassName>DynamicReferentialContainmentRelationship</ClassName>
		<Id>{C006BD58-0000-CBE2-97EA-3CBEFA663D31}</Id>
		<ObjectStoreId>{2644FAD1-7860-458C-9B5C-B97A69909650}</ObjectStoreId>
	</Object>
	<Object>
		<Name>CmAcmCASE_PAGE</Name>
		<ClassName>CmAcmPage</ClassName>
		<Id>{C006BD58-0000-CE80-A367-725B25590966}</Id>
		<ObjectStoreId>{2644FAD1-7860-458C-9B5C-B97A69909650}</ObjectStoreId>
	</Object>
	<Object>
		<Name>CmAcmCASE_PAGE</Name>
		<ClassName>DynamicReferentialContainmentRelationship</ClassName>
		<Id>{C006BD58-0100-CD51-BD16-25C7B686D6DD}</Id>
		<ObjectStoreId>{2644FAD1-7860-458C-9B5C-B97A69909650}</ObjectStoreId>
	</Object>
	<Object>
		<Name>CmAcmCASE_SPLIT_DEFAULT_PAGE</Name>
		<ClassName>CmAcmPage</ClassName>
		<Id>{C006BD58-0000-C9BF-90FE-B411864BE368}</Id>
		<ObjectStoreId>{2644FAD1-7860-458C-9B5C-B97A69909650}</ObjectStoreId>
	</Object>
	<Object>
		<Name>CmAcmCASE_SPLIT_DEFAULT_PAGE</Name>
		<ClassName>DynamicReferentialContainmentRelationship</ClassName>
		<Id>{C006BD58-0100-C28D-ACD1-9E6D78650F9C}</Id>
		<ObjectStoreId>{2644FAD1-7860-458C-9B5C-B97A69909650}</ObjectStoreId>
	</Object>
	<Object>
		<Name>CmAcmSTEP_ATTACHMENT_PAGE</Name>
		<ClassName>CmAcmPage</ClassName>
		<Id>{B006BD58-0100-C91E-ACDE-A83973BC305A}</Id>
		<ObjectStoreId>{2644FAD1-7860-458C-9B5C-B97A69909650}</ObjectStoreId>
	</Object>
	<Object>
		<Name>CmAcmSTEP_ATTACHMENT_PAGE</Name>
		<ClassName>DynamicReferentialContainmentRelationship</ClassName>
		<Id>{C006BD58-0000-CFD6-90A2-08479888EC0A}</Id>
		<ObjectStoreId>{2644FAD1-7860-458C-9B5C-B97A69909650}</ObjectStoreId>
	</Object>
	<Object>
		<Name>CmAcmSTEP_DEFAULT_PAGE</Name>
		<ClassName>CmAcmPage</ClassName>
		<Id>{C006BD58-0000-CB5B-A014-81CFAA8FA909}</Id>
		<ObjectStoreId>{2644FAD1-7860-458C-9B5C-B97A69909650}</ObjectStoreId>
	</Object>
	<Object>
		<Name>CmAcmSTEP_DEFAULT_PAGE</Name>
		<ClassName>DynamicReferentialContainmentRelationship</ClassName>
		<Id>{C006BD58-0100-C329-B73E-8C53491CB72F}</Id>
		<ObjectStoreId>{2644FAD1-7860-458C-9B5C-B97A69909650}</ObjectStoreId>
	</Object>
	<Object>
		<Name>CmAcmSTEP_DYNAMIC_DEFAULT_PAGE</Name>
		<ClassName>CmAcmPage</ClassName>
		<Id>{C006BD58-0000-C14D-90E7-B3C33D83D9E4}</Id>
		<ObjectStoreId>{2644FAD1-7860-458C-9B5C-B97A69909650}</ObjectStoreId>
	</Object>
	<Object>
		<Name>CmAcmSTEP_DYNAMIC_DEFAULT_PAGE</Name>
		<ClassName>DynamicReferentialContainmentRelationship</ClassName>
		<Id>{C006BD58-0100-CD1E-BDFB-783039955E75}</Id>
		<ObjectStoreId>{2644FAD1-7860-458C-9B5C-B97A69909650}</ObjectStoreId>
	</Object>
	<Object>
		<Name>CmAcmSTEP_LAUNCH_DEFAULT_PAGE</Name>
		<ClassName>CmAcmPage</ClassName>
		<Id>{C006BD58-0000-CA2F-9803-95D843674C3C}</Id>
		<ObjectStoreId>{2644FAD1-7860-458C-9B5C-B97A69909650}</ObjectStoreId>
	</Object>
	<Object>
		<Name>CmAcmSTEP_LAUNCH_DEFAULT_PAGE</Name>
		<ClassName>DynamicReferentialContainmentRelationship</ClassName>
		<Id>{C006BD58-0000-CEF8-9679-81D9BC9A424B}</Id>
		<ObjectStoreId>{2644FAD1-7860-458C-9B5C-B97A69909650}</ObjectStoreId>
	</Object>
	<Object>
		<Name>CmAcmSTEP_LAUNCH_PAGE</Name>
		<ClassName>CmAcmPage</ClassName>
		<Id>{C006BD58-0000-CEC4-81A2-608C68980D3E}</Id>
		<ObjectStoreId>{2644FAD1-7860-458C-9B5C-B97A69909650}</ObjectStoreId>
	</Object>
	<Object>
		<Name>CmAcmSTEP_LAUNCH_PAGE</Name>
		<ClassName>DynamicReferentialContainmentRelationship</ClassName>
		<Id>{C006BD58-0100-CA95-826E-045D01F037DB}</Id>
		<ObjectStoreId>{2644FAD1-7860-458C-9B5C-B97A69909650}</ObjectStoreId>
	</Object>
	<Object>
		<Name>CmAcmSTEP_PAGE</Name>
		<ClassName>CmAcmPage</ClassName>
		<Id>{C006BD58-0000-CB9D-BD52-13EC107357C3}</Id>
		<ObjectStoreId>{2644FAD1-7860-458C-9B5C-B97A69909650}</ObjectStoreId>
	</Object>
	<Object>
		<Name>CmAcmSTEP_PAGE</Name>
		<ClassName>DynamicReferentialContainmentRelationship</ClassName>
		<Id>{C006BD58-0100-C267-A5CF-7253F4465171}</Id>
		<ObjectStoreId>{2644FAD1-7860-458C-9B5C-B97A69909650}</ObjectStoreId>
	</Object>
	<Object>
		<Name>CmAcmWORK_DEFAULT_PAGE</Name>
		<ClassName>CmAcmPage</ClassName>
		<Id>{C006BD58-0000-CBA3-B64F-D138EED07ADE}</Id>
		<ObjectStoreId>{2644FAD1-7860-458C-9B5C-B97A69909650}</ObjectStoreId>
	</Object>
	<Object>
		<Name>CmAcmWORK_DEFAULT_PAGE</Name>
		<ClassName>DynamicReferentialContainmentRelationship</ClassName>
		<Id>{C006BD58-0100-C972-BFBE-9318D6D9872B}</Id>
		<ObjectStoreId>{2644FAD1-7860-458C-9B5C-B97A69909650}</ObjectStoreId>
	</Object>
	<Object>
		<Name></Name>
		<ClassName>CmAcmDraftArea</ClassName>
		<Id>{B006BD58-0000-C1E8-89D2-E0C552152928}</Id>
		<ObjectStoreId>{2644FAD1-7860-458C-9B5C-B97A69909650}</ObjectStoreId>
	</Object>
	<Object>
		<Name>BOXEH_SampleCaseType_Draft</Name>
		<ClassName>ReferentialContainmentRelationship</ClassName>
		<Id>{B006BD58-0000-C6F7-BF85-B8C8206C4C28}</Id>
		<ObjectStoreId>{2644FAD1-7860-458C-9B5C-B97A69909650}</ObjectStoreId>
	</Object>
	<Object>
		<Name>PE Configuration</Name>
		<ClassName>Document</ClassName>
		<Id>{B006BD58-0100-C90D-A6C6-EB4FFB94487D}</Id>
		<ObjectStoreId>{2644FAD1-7860-458C-9B5C-B97A69909650}</ObjectStoreId>
	</Object>
	<Object>
		<Name>PE Configuration</Name>
		<ClassName>DynamicReferentialContainmentRelationship</ClassName>
		<Id>{B006BD58-0000-CEA7-AE35-F75E88052B06}</Id>
		<ObjectStoreId>{2644FAD1-7860-458C-9B5C-B97A69909650}</ObjectStoreId>
	</Object>
	<Object>
		<Name>Solution Definition</Name>
		<ClassName>Document</ClassName>
		<Id>{B006BD58-0000-CB6C-88AF-0E5625F477F1}</Id>
		<ObjectStoreId>{2644FAD1-7860-458C-9B5C-B97A69909650}</ObjectStoreId>
	</Object>
	<Object>
		<Name>Solution Definition</Name>
		<ClassName>DynamicReferentialContainmentRelationship</ClassName>
		<Id>{B006BD58-0000-CA9D-B4DE-8E45815928D9}</Id>
		<ObjectStoreId>{2644FAD1-7860-458C-9B5C-B97A69909650}</ObjectStoreId>
	</Object>
	<Object>
		<Name></Name>
		<ClassName>CmAcmSolutionLockControl</ClassName>
		<Id>{B006BD58-0000-C85A-A9AF-F365E4C77714}</Id>
		<ObjectStoreId>{2644FAD1-7860-458C-9B5C-B97A69909650}</ObjectStoreId>
	</Object>
	<Object>
		<Name>Solution Locks</Name>
		<ClassName>ReferentialContainmentRelationship</ClassName>
		<Id>{B006BD58-0000-C365-AE2C-90A33EB7B099}</Id>
		<ObjectStoreId>{2644FAD1-7860-458C-9B5C-B97A69909650}</ObjectStoreId>
	</Object>
	<Object>
		<Name>Solution Workflow Collection</Name>
		<ClassName>WorkflowDefinition</ClassName>
		<Id>{8008BD58-0000-C84F-854A-D7F19B9C23DD}</Id>
		<ObjectStoreId>{2644FAD1-7860-458C-9B5C-B97A69909650}</ObjectStoreId>
	</Object>
	<Object>
		<Name>Solution Workflow Collection</Name>
		<ClassName>DynamicReferentialContainmentRelationship</ClassName>
		<Id>{B006BD58-0000-CBB6-A31F-3A5318BBA788}</Id>
		<ObjectStoreId>{2644FAD1-7860-458C-9B5C-B97A69909650}</ObjectStoreId>
	</Object>
	<Object>
		<Name></Name>
		<ClassName>CmAcmDraftArea</ClassName>
		<Id>{B006BD58-0000-CA72-AF6A-9EE4AF07AE24}</Id>
		<ObjectStoreId>{2644FAD1-7860-458C-9B5C-B97A69909650}</ObjectStoreId>
	</Object>
	<Object>
		<Name>Solution Workflow Collection_Draft</Name>
		<ClassName>ReferentialContainmentRelationship</ClassName>
		<Id>{B006BD58-0000-C184-A513-8C12269ADF12}</Id>
		<ObjectStoreId>{2644FAD1-7860-458C-9B5C-B97A69909650}</ObjectStoreId>
	</Object>
</ExportObjectList>
